-- Create the database
CREATE DATABASE StudentManagementSystem;
USE StudentManagementSystem;

-- Create the Departments table
CREATE TABLE Departments (
    DepartmentID INT PRIMARY KEY AUTO_INCREMENT,
    DepartmentName VARCHAR(255) UNIQUE NOT NULL
);

INSERT INTO Departments (DepartmentID,DepartmentName) VALUES
(6,'Mechanical Engineering'),
(2,'Computer Science'),
(7,'Information Technology'),
(4,'Electronics Engineering'),
(3,'Electrical Engineering'),
(1,'Civil Engineering');

-- Create the Students table
CREATE TABLE Students (
    StudentID INT PRIMARY KEY AUTO_INCREMENT,
    Name VARCHAR(255) NOT NULL,
    Email VARCHAR(255) UNIQUE NOT NULL,
    DepartmentID INT,
    EnrollmentDate DATE NOT NULL,
    StatusID INT,
    ContactNumber VARCHAR(15),
    Address TEXT,
    FOREIGN KEY (DepartmentID) REFERENCES Departments(DepartmentID),
    FOREIGN KEY (StatusID) REFERENCES studentstatus(StatusID)
);

INSERT INTO Students (StudentID, Name, Email, DepartmentID, EnrollmentDate, ContactNumber, Address) VALUES
(1, 'Tarun', 'tarun_1@university.com', 1, '2024-01-01', '+91-8919884738', 'Bangalore, Indiranagar'),
(2, 'Ananya', 'ananya_2@university.com', 4, '2024-01-01', '+91-7990970033', 'Bangalore, Whitefield'),
(3, 'Sunil', 'sunil_3@university.com', 7, '2024-01-01', '+91-8380945111', 'Bangalore, Koramangala'),
(4, 'Anil', 'anil_4@university.com', 4, '2024-01-01', '+91-8887890451', 'Bangalore, Rajajinagar'),
(5, 'Rahul', 'rahul_5@university.com', 1, '2024-01-01', '+91-6808133125', 'Bangalore, Banashankari'),
(6, 'Sneha', 'sneha_6@university.com', 2, '2024-01-01', '+91-9813828818', 'Bangalore, Electronic City'),
(7, 'Kiran', 'kiran_7@university.com', 6, '2024-01-01', '+91-6268015218', 'Bangalore, Jayanagar'),
(8, 'Rajesh', 'rajesh_8@university.com', 4, '2024-01-01', '+91-9748826031', 'Bangalore, Malleshwaram'),
(9, 'Meena', 'meena_9@university.com', 6, '2024-01-01', '+91-7203993078', 'Bangalore, Vijayanagar'),
(10, 'Divya', 'divya_10@university.com', 3, '2024-01-01', '+91-7842903095', 'Bangalore, Basavanagudi'),
(11, 'Vikram', 'vikram_11@university.com', 2, '2024-01-01', '+91-8358205479', 'Bangalore, Hebbal'),
(12, 'Sanjay', 'sanjay_12@university.com', 4, '2024-01-01', '+91-7917215956', 'Bangalore, Marathahalli'),
(13, 'Suresh', 'suresh_13@university.com', 6, '2024-01-01', '+91-6949757280', 'Bangalore, Ulsoor'),
(14, 'Naveen', 'naveen_14@university.com', 1, '2024-01-01', '+91-8050665260', 'Bangalore, Kengeri'),
(15, 'Rohan', 'rohan_15@university.com', 1, '2024-01-01', '+91-8490797355', 'Bangalore, Bellandur'),
(16, 'Neha', 'neha_16@university.com', 3, '2024-01-01', '+91-8041210638', 'Bangalore, Sarjapur Road'),
(17, 'Amit', 'amit_17@university.com', 4, '2024-01-01', '+91-6361173393', 'Bangalore, Bommanahalli'),
(18, 'Manish', 'manish_18@university.com', 3, '2024-01-01', '+91-9782452199', 'Bangalore, Indiranagar'),
(19, 'Deepak', 'deepak_19@university.com', 3, '2024-01-01', '+91-8524572253', 'Bangalore, Whitefield'),
(20, 'Arjun', 'arjun_20@university.com', 7, '2024-01-01', '+91-6550453735', 'Bangalore, Koramangala'),
(21, 'Varun', 'varun_21@university.com', 6, '2024-01-01', '+91-7274173109', 'Bangalore, Rajajinagar'),
(22, 'Geeta', 'geeta_22@university.com', 3, '2024-01-01', '+91-9808479178', 'Bangalore, Banashankari'),
(23, 'Rekha', 'rekha_23@university.com', 1, '2024-01-01', '+91-7760545637', 'Bangalore, Electronic City'),
(24, 'Lakshmi', 'lakshmi_24@university.com', 3, '2024-01-01', '+91-7414689283', 'Bangalore, Jayanagar'),
(25, 'Swati', 'swati_25@university.com', 4, '2024-01-01', '+91-7317941539', 'Bangalore, Malleshwaram'),
(26, 'Pooja', 'pooja_26@university.com', 2, '2024-01-01', '+91-8054115219', 'Bangalore, Vijayanagar'),
(27, 'Priya', 'priya_27@university.com', 2, '2024-01-01', '+91-9956921885', 'Bangalore, Basavanagudi'),
(28, 'Harsha', 'harsha_28@university.com', 2, '2024-01-01', '+91-8944408284', 'Bangalore, Hebbal'),
(29, 'Kavya', 'kavya_29@university.com', 4, '2024-01-01', '+91-7810535448', 'Bangalore, Marathahalli'),
(30, 'Bhavya', 'bhavya_30@university.com', 7, '2024-01-01', '+91-7310985521', 'Bangalore, Ulsoor');

-- Create the Courses table
CREATE TABLE Courses (
    CourseID INT PRIMARY KEY AUTO_INCREMENT,
    CourseName VARCHAR(255) NOT NULL,
    Credits INT CHECK (Credits BETWEEN 1 AND 5),
    DepartmentID INT,
    FOREIGN KEY (DepartmentID) REFERENCES Departments(DepartmentID)
);

INSERT INTO Courses (CourseID, CourseName, Credits, DepartmentID) VALUES
(101, 'Data Structures', 3, 2),
(102, 'Algorithms', 4, 2),
(103, 'Operating Systems', 3, 2),
(104, 'Database Systems', 3, 2),
(105, 'Computer Networks', 3, 2),
(106, 'Power Systems', 4, 3),
(107, 'Control Systems', 3, 3),
(108, 'Microprocessors', 3, 3),
(109, 'Thermodynamics', 3, 6),
(110, 'Fluid Mechanics', 3, 6),
(111, 'Structural Analysis', 3, 1),
(112, 'Surveying', 3,1),
(113, 'Digital Electronics', 3,4),
(114, 'Analog Circuits', 3, 4),
(115, 'Software Engineering', 3,7);

-- Create the Instructors table
CREATE TABLE Instructors (
    InstructorID INT PRIMARY KEY AUTO_INCREMENT,
    Name VARCHAR(255) NOT NULL,
    DepartmentID INT,
    Qualification VARCHAR(255),
    FOREIGN KEY (DepartmentID) REFERENCES Departments(DepartmentID)
);

INSERT INTO Instructors (InstructorID, Name, DepartmentID, Qualification) VALUES
(601, 'Dr. Nandini',6, 'PhD'),
(602, 'Prof. Sagar', 7, 'PhD'),
(603, 'Prof. Harish',1, 'PhD'),
(604, 'Dr. Meenal', 4, 'PhD'),
(605, 'Dr. Vandana', 2, 'PhD'),
(606, 'Prof. Sameer', 3, 'PhD'),
(607, 'Dr. Jyoti', 6, 'PhD'),
(608, 'Dr. Anirudh',7, 'PhD'),
(609, 'Prof. Rakesh', 1, 'PhD'),
(610, 'Dr. Veena', 4, 'PhD');

-- Create the Enrollment table (Bridge Table)
CREATE TABLE Enrollment (
    EnrollmentID INT PRIMARY KEY AUTO_INCREMENT,
    StudentID INT,
    CourseID INT,
    EnrollmentDate DATE,
    PRIMARY KEY (StudentID, CourseID),
    FOREIGN KEY (StudentID) REFERENCES Students(StudentID),
    FOREIGN KEY (CourseID) REFERENCES Courses(CourseID)
);

INSERT INTO Enrollment (StudentID, CourseID, EnrollmentDate) VALUES
(1, 111, '2024-02-01'),
(1, 106, '2024-02-01'),
(1, 111, '2024-02-01'),
(2, 110, '2024-02-01'),
(2, 102, '2024-02-01'),
(2, 112, '2024-02-01'),
(3, 104, '2024-02-01'),
(3, 109, '2024-02-01'),
(3, 115, '2024-02-01'),
(4, 109, '2024-02-01'),
(4, 106, '2024-02-01'),
(4, 107, '2024-02-01'),
(5, 114, '2024-02-01'),
(5, 111, '2024-02-01'),
(5, 101, '2024-02-01'),
(6, 111, '2024-02-01'),
(6, 104, '2024-02-01'),
(6, 104, '2024-02-01'),
(7, 112, '2024-02-01'),
(7, 103, '2024-02-01'),
(7, 110, '2024-02-01'),
(8, 109, '2024-02-01'),
(8, 113, '2024-02-01'),
(8, 108, '2024-02-01'),
(9, 108, '2024-02-01'),
(9, 103, '2024-02-01'),
(9, 105, '2024-02-01'),
(10, 110, '2024-02-01'),
(10, 105, '2024-02-01'),
(10, 109, '2024-02-01'),
(11, 113, '2024-02-01'),
(11, 115, '2024-02-01'),
(11, 105, '2024-02-01'),
(12, 101, '2024-02-01'),
(12, 110, '2024-02-01'),
(12, 102, '2024-02-01'),
(13, 104, '2024-02-01'),
(13, 101, '2024-02-01'),
(13, 104, '2024-02-01'),
(14, 111, '2024-02-01'),
(14, 103, '2024-02-01'),
(14, 106, '2024-02-01'),
(15, 111, '2024-02-01'),
(15, 109, '2024-02-01'),
(15, 101, '2024-02-01'),
(16, 106, '2024-02-01'),
(16, 106, '2024-02-01'),
(16, 110, '2024-02-01'),
(17, 105, '2024-02-01'),
(17, 112, '2024-02-01'),
(17, 103, '2024-02-01'),
(18, 115, '2024-02-01'),
(18, 101, '2024-02-01'),
(18, 115, '2024-02-01'),
(19, 114, '2024-02-01'),
(19, 111, '2024-02-01'),
(19, 110, '2024-02-01'),
(20, 105, '2024-02-01'),
(20, 114, '2024-02-01'),
(20, 107, '2024-02-01'),
(21, 109, '2024-02-01'),
(21, 104, '2024-02-01'),
(21, 105, '2024-02-01'),
(22, 104, '2024-02-01'),
(22, 114, '2024-02-01'),
(22, 103, '2024-02-01'),
(23, 107, '2024-02-01'),
(23, 114, '2024-02-01'),
(23, 108, '2024-02-01'),
(24, 104, '2024-02-01'),
(24, 114, '2024-02-01'),
(24, 107, '2024-02-01'),
(25, 108, '2024-02-01'),
(25, 112, '2024-02-01'),
(25, 103, '2024-02-01'),
(26, 108, '2024-02-01'),
(26, 104, '2024-02-01'),
(26, 115, '2024-02-01'),
(27, 115, '2024-02-01'),
(27, 114, '2024-02-01'),
(27, 105, '2024-02-01'),
(28, 110, '2024-02-01'),
(28, 106, '2024-02-01'),
(28, 104, '2024-02-01'),
(29, 115, '2024-02-01'),
(29, 114, '2024-02-01'),
(29, 104, '2024-02-01'),
(30, 101, '2024-02-01'),
(30, 110, '2024-02-01'),
(30, 110, '2024-02-01');

-- Create the Grades table
CREATE TABLE Grades (
    GradeID INT PRIMARY KEY AUTO_INCREMENT,
    StudentID INT,
    CourseID INT,
    ExamTypeID INT,
    MidTermScore DECIMAL(5,2),
    FinalExamScore DECIMAL(5,2),
    OverallGrade CHAR(2) CHECK (OverallGrade IN ('A', 'B', 'C', 'D', 'F')),
    FOREIGN KEY (StudentID) REFERENCES Students(StudentID),
    FOREIGN KEY (CourseID) REFERENCES Courses(CourseID),
    FOREIGN KEY (ExamTypeID) REFERENCES examtypes(ExamTypeID)
);

INSERT INTO Grades (StudentID, CourseID, ExamTypeID, MidTermScore, FinalExamScore, OverallGrade)
VALUES 
(1, 113, 242502, 30, 40, 'F'),
(1, 102, 242502, 85, 90, 'A'),
(1, 112, 242502, 85, 90, 'A'),
(2, 110, 242502, 30, 40, 'F'),
(2, 102, 242502, 50, 60, 'D'),
(2, 111, 242502, 75, 80, 'B'),
(3, 106, 242502, 75, 80, 'B'),
(3, 107, 242502, 30, 40, 'F'),
(3, 103, 242502, 30, 40, 'F'),
(4, 112, 242502, 65, 70, 'C'),
(4, 109, 242502, 85, 90, 'A'),
(4, 114, 242502, 65, 70, 'C'),
(5, 107, 242502, 75, 80, 'B'),
(5, 101, 242502, 75, 80, 'B'),
(5, 101, 242502, 75, 80, 'B'),
(6, 106, 242502, 30, 40, 'F'),
(6, 101, 242502, 85, 90, 'A'),
(6, 102, 242502, 85, 90, 'A'),
(7, 111, 242502, 50, 60, 'D'),
(7, 108, 242502, 75, 80, 'B'),
(7, 110, 242502, 50, 60, 'D'),
(8, 105, 242502, 75, 80, 'B'),
(8, 101, 242502, 75, 80, 'B'),
(8, 107, 242502, 30, 40, 'F'),
(9, 103, 242502, 30, 40, 'F'),
(9, 110, 242502, 85, 90, 'A'),
(9, 101, 242502, 30, 40, 'F');

-- Create the Attendance table
CREATE TABLE Attendance (
    AttendanceID INT PRIMARY KEY AUTO_INCREMENT,
    StudentID INT,
    CourseID INT,
    Date DATE NOT NULL,
    Status ENUM('Present', 'Absent') NOT NULL,
    FOREIGN KEY (StudentID) REFERENCES Students(StudentID),
    FOREIGN KEY (CourseID) REFERENCES Courses(CourseID)
);

INSERT INTO Attendance (AttendanceID, StudentID, CourseID, Date, Status) VALUES
(2001, 1, 114, '2024-01-17', 'Absent'),
(2002, 1, 106, '2024-01-08', 'Present'),
(2003, 1, 115, '2024-01-30', 'Present'),
(2004, 2, 109, '2024-01-06', 'Absent'),
(2005, 2, 105, '2024-01-19', 'Absent'),
(2006, 2, 101, '2024-01-24', 'Present'),
(2007, 3, 114, '2024-01-16', 'Present'),
(2008, 3, 114, '2024-01-01', 'Present'),
(2009, 3, 111, '2024-01-31', 'Absent'),
(2010, 4, 112, '2024-01-07', 'Present'),
(2011, 4, 103, '2024-01-08', 'Absent'),
(2012, 4, 115, '2024-01-05', 'Absent'),
(2013, 5, 110, '2024-01-12', 'Absent'),
(2014, 5, 110, '2024-01-01', 'Present'),
(2015, 5, 101, '2024-01-25', 'Absent'),
(2016, 6, 111, '2024-01-28', 'Absent'),
(2017, 6, 107, '2024-01-15', 'Present'),
(2018, 6, 105, '2024-01-26', 'Present'),
(2019, 7, 101, '2024-01-05', 'Present'),
(2020, 7, 104, '2024-01-16', 'Present'),
(2021, 7, 104, '2024-01-15', 'Absent'),
(2022, 8, 105, '2024-01-20', 'Absent'),
(2023, 8, 102, '2024-01-01', 'Present'),
(2024, 8, 112, '2024-01-11', 'Present'),
(2025, 9, 110, '2024-01-20', 'Absent'),
(2026, 9, 106, '2024-01-30', 'Present'),
(2027, 9, 102, '2024-01-11', 'Absent'),
(2028, 10, 101, '2024-01-29', 'Present'),
(2029, 10, 113, '2024-01-14', 'Present'),
(2030, 10, 111, '2024-01-03', 'Absent'),
(2031, 11, 105, '2024-01-09', 'Present'),
(2032, 11, 115, '2024-01-15', 'Present'),
(2033, 11, 103, '2024-01-12', 'Absent'),
(2034, 12, 115, '2024-01-24', 'Present'),
(2035, 12, 115, '2024-01-22', 'Absent'),
(2036, 12, 105, '2024-01-18', 'Present'),
(2037, 13, 110, '2024-01-20', 'Absent'),
(2038, 13, 105, '2024-01-03', 'Present'),
(2039, 13, 110, '2024-01-04', 'Present'),
(2040, 14, 114, '2024-01-17', 'Absent'),
(2041, 14, 102, '2024-01-10', 'Absent'),
(2042, 14, 108, '2024-01-31', 'Absent'),
(2043, 15, 114, '2024-01-09', 'Absent'),
(2044, 15, 107, '2024-01-01', 'Present'),
(2045, 15, 115, '2024-01-18', 'Present'),
(2046, 16, 109, '2024-01-05', 'Present'),
(2047, 16, 112, '2024-01-10', 'Absent'),
(2048, 16, 105, '2024-01-05', 'Absent'),
(2049, 17, 103, '2024-01-26', 'Present'),
(2050, 17, 104, '2024-01-11', 'Absent'),
(2051, 17, 114, '2024-01-11', 'Present'),
(2052, 18, 112, '2024-01-29', 'Present'),
(2053, 18, 102, '2024-01-21', 'Absent'),
(2054, 18, 105, '2024-01-08', 'Present'),
(2055, 19, 104, '2024-01-15', 'Present'),
(2056, 19, 109, '2024-01-24', 'Present'),
(2057, 19, 107, '2024-01-15', 'Absent'),
(2058, 20, 111, '2024-01-31', 'Absent'),
(2059, 20, 101, '2024-01-20', 'Absent'),
(2060, 20, 108, '2024-01-10', 'Present'),
(2061, 21, 101, '2024-01-28', 'Absent'),
(2062, 21, 104, '2024-01-26', 'Present'),
(2063, 21, 108, '2024-01-25', 'Absent'),
(2064, 22, 108, '2024-01-22', 'Absent'),
(2065, 22, 101, '2024-01-10', 'Absent'),
(2066, 22, 105, '2024-01-17', 'Present'),
(2067, 23, 110, '2024-01-15', 'Present'),
(2068, 23, 112, '2024-01-05', 'Present'),
(2069, 23, 103, '2024-01-24', 'Absent'),
(2070, 24, 112, '2024-01-27', 'Present'),
(2071, 24, 108, '2024-01-26', 'Present'),
(2072, 24, 115, '2024-01-17', 'Absent'),
(2073, 25, 111, '2024-01-11', 'Present'),
(2074, 25, 109, '2024-01-14', 'Absent'),
(2075, 25, 108, '2024-01-06', 'Present'),
(2076, 26, 101, '2024-01-27', 'Absent'),
(2077, 26, 101, '2024-01-26', 'Present'),
(2078, 26, 105, '2024-01-28', 'Absent'),
(2079, 27, 114, '2024-01-25', 'Present'),
(2080, 27, 108, '2024-01-18', 'Present'),
(2081, 27, 108, '2024-01-01', 'Present'),
(2082, 28, 106, '2024-01-25', 'Present'),
(2083, 28, 106, '2024-01-07', 'Absent'),
(2084, 28, 107, '2024-01-12', 'Present'),
(2085, 29, 107, '2024-01-05', 'Absent'),
(2086, 29, 104, '2024-01-07', 'Absent'),
(2087, 29, 106, '2024-01-20', 'Present'),
(2088, 30, 104, '2024-01-10', 'Present'),
(2089, 30, 101, '2024-01-23', 'Present'),
(2090, 30, 113, '2024-01-09', 'Absent');

CREATE TABLE AcademicHistory (
    HistoryID INT PRIMARY KEY AUTO_INCREMENT,
    StudentID INT,
    CourseID INT,
    Semester VARCHAR(10) NOT NULL,
    Year INT NOT NULL,
    GPA DECIMAL(4,2) CHECK (GPA BETWEEN 0.00 AND 10.00),
    FOREIGN KEY (StudentID) REFERENCES Students(StudentID),
    FOREIGN KEY (CourseID) REFERENCES Courses(CourseID)
);

INSERT INTO AcademicHistory (StudentID, CourseID, Semester, Year, GPA) VALUES
(1, 113, 'Spring', 2024, 7.85),
(1, 113, 'Fall', 2024, 9.12),
(1, 102, 'Spring', 2024, 6.54),
(1, 102, 'Fall', 2024, 8.76),
(1, 112, 'Spring', 2024, 5.90),
(1, 112, 'Fall', 2024, 7.43),
(2, 110, 'Spring', 2024, 6.75),
(2, 110, 'Fall', 2024, 9.03),
(2, 102, 'Spring', 2024, 7.34),
(2, 102, 'Fall', 2024, 8.21),
(2, 111, 'Spring', 2024, 5.67),
(2, 111, 'Fall', 2024, 6.98),
(3, 106, 'Spring', 2024, 9.45),
(3, 106, 'Fall', 2024, 8.34),
(3, 107, 'Spring', 2024, 6.23),
(3, 107, 'Fall', 2024, 7.89),
(3, 103, 'Spring', 2024, 8.56),
(3, 103, 'Fall', 2024, 9.74),
(4, 112, 'Spring', 2024, 5.89),
(4, 112, 'Fall', 2024, 7.23),
(4, 109, 'Spring', 2024, 6.45),
(4, 109, 'Fall', 2024, 8.21),
(4, 114, 'Spring', 2024, 9.10),
(4, 114, 'Fall', 2024, 9.85),
(5, 107, 'Spring', 2024, 5.90),
(5, 107, 'Fall', 2024, 7.67),
(5, 101, 'Spring', 2024, 6.78),
(5, 101, 'Fall', 2024, 9.12),
(6, 106, 'Spring', 2024, 7.23),
(6, 106, 'Fall', 2024, 8.45),
(6, 101, 'Spring', 2024, 6.89),
(6, 101, 'Fall', 2024, 7.34),
(7, 111, 'Spring', 2024, 7.85),
(7, 111, 'Fall', 2024, 9.12),
(7, 108, 'Spring', 2024, 6.54),
(7, 108, 'Fall', 2024, 8.76),
(7, 110, 'Spring', 2024, 5.90),
(7, 110, 'Fall', 2024, 7.43),
(8, 105, 'Spring', 2024, 6.75),
(8, 105, 'Fall', 2024, 9.03),
(8, 101, 'Spring', 2024, 7.34),
(8, 101, 'Fall', 2024, 8.21),
(8, 107, 'Spring', 2024, 5.67),
(8, 107, 'Fall', 2024, 6.98),
(9, 103, 'Spring', 2024, 9.45),
(9, 103, 'Fall', 2024, 8.34),
(9, 110, 'Spring', 2024, 6.23),
(9, 110, 'Fall', 2024, 7.89),
(9, 101, 'Spring', 2024, 8.56),
(9, 101, 'Fall', 2024, 9.74),
(10, 106, 'Spring', 2024, 5.89),
(10, 106, 'Fall', 2024, 7.23),
(10, 102, 'Spring', 2024, 6.45),
(10, 102, 'Fall', 2024, 8.21),
(10, 114, 'Spring', 2024, 9.10),
(10, 114, 'Fall', 2024, 9.85),
(11, 106, 'Spring', 2024, 5.90),
(11, 106, 'Fall', 2024, 7.67),
(11, 106, 'Spring', 2024, 6.78),
(11, 106, 'Fall', 2024, 9.12),
(11, 105, 'Spring', 2024, 7.23),
(11, 105, 'Fall', 2024, 8.45),
(12, 104, 'Spring', 2024, 6.89),
(12, 104, 'Fall', 2024, 7.34),
(12, 103, 'Spring', 2024, 9.23),
(12, 103, 'Fall', 2024, 9.78),
(12, 105, 'Spring', 2024, 6.45),
(12, 105, 'Fall', 2024, 8.15),
(13, 114, 'Spring', 2024, 7.89),
(13, 114, 'Fall', 2024, 9.32),
(13, 101, 'Spring', 2024, 5.90),
(13, 101, 'Fall', 2024, 7.76),
(13, 102, 'Spring', 2024, 6.12),
(13, 102, 'Fall', 2024, 8.45),
(14, 109, 'Spring', 2024, 7.23),
(14, 109, 'Fall', 2024, 9.78),
(14, 112, 'Spring', 2024, 6.67),
(14, 112, 'Fall', 2024, 8.11),
(14, 110, 'Spring', 2024, 5.98),
(14, 110, 'Fall', 2024, 7.45),
(15, 107, 'Spring', 2024, 8.23),
(15, 107, 'Fall', 2024, 9.32),
(15, 107, 'Spring', 2024, 5.45),
(15, 107, 'Fall', 2024, 7.12),
(15, 104, 'Spring', 2024, 6.78),
(15, 104, 'Fall', 2024, 8.99);


INSERT INTO AcademicHistory (StudentID, CourseID, Semester, Year, GPA) VALUES
(16, 109, 'Spring', 2024, 8.32),
(16, 109, 'Fall', 2024, 9.12),
(16, 103, 'Spring', 2024, 6.54),
(16, 103, 'Fall', 2024, 8.76),
(16, 106, 'Spring', 2024, 5.90),
(16, 106, 'Fall', 2024, 7.43),
(17, 112, 'Spring', 2024, 6.75),
(17, 112, 'Fall', 2024, 9.03),
(17, 114, 'Spring', 2024, 7.34),
(17, 114, 'Fall', 2024, 8.21),
(17, 105, 'Spring', 2024, 5.67),
(17, 105, 'Fall', 2024, 6.98),
(18, 112, 'Spring', 2024, 9.45),
(18, 112, 'Fall', 2024, 8.34),
(18, 107, 'Spring', 2024, 6.23),
(18, 107, 'Fall', 2024, 7.89),
(18, 104, 'Spring', 2024, 8.56),
(18, 104, 'Fall', 2024, 9.74),
(19, 103, 'Spring', 2024, 5.89),
(19, 103, 'Fall', 2024, 7.23),
(19, 111, 'Spring', 2024, 6.45),
(19, 111, 'Fall', 2024, 8.21),
(19, 106, 'Spring', 2024, 9.10),
(19, 106, 'Fall', 2024, 9.85),
(20, 101, 'Spring', 2024, 5.90),
(20, 101, 'Fall', 2024, 7.67),
(20, 103, 'Spring', 2024, 6.78),
(20, 103, 'Fall', 2024, 9.12),
(20, 103, 'Spring', 2024, 7.23),
(20, 103, 'Fall', 2024, 8.45),
(21, 114, 'Spring', 2024, 6.89),
(21, 114, 'Fall', 2024, 7.34),
(21, 103, 'Spring', 2024, 9.23),
(21, 103, 'Fall', 2024, 9.78),
(21, 110, 'Spring', 2024, 6.45),
(21, 110, 'Fall', 2024, 8.15),
(22, 112, 'Spring', 2024, 7.89),
(22, 112, 'Fall', 2024, 9.32),
(22, 107, 'Spring', 2024, 5.90),
(22, 107, 'Fall', 2024, 7.76),
(22, 101, 'Spring', 2024, 6.12),
(22, 101, 'Fall', 2024, 8.45),
(23, 102, 'Spring', 2024, 7.85),
(23, 102, 'Fall', 2024, 9.12),
(23, 112, 'Spring', 2024, 6.54),
(23, 112, 'Fall', 2024, 8.76),
(23, 109, 'Spring', 2024, 5.90),
(23, 109, 'Fall', 2024, 7.43),
(24, 105, 'Spring', 2024, 6.75),
(24, 105, 'Fall', 2024, 9.03),
(24, 102, 'Spring', 2024, 7.34),
(24, 102, 'Fall', 2024, 8.21),
(24, 111, 'Spring', 2024, 5.67),
(24, 111, 'Fall', 2024, 6.98),
(25, 106, 'Spring', 2024, 9.45),
(25, 106, 'Fall', 2024, 8.34),
(25, 102, 'Spring', 2024, 6.23),
(25, 102, 'Fall', 2024, 7.89),
(25, 104, 'Spring', 2024, 8.56),
(25, 104, 'Fall', 2024, 9.74),
(26, 105, 'Spring', 2024, 5.89),
(26, 105, 'Fall', 2024, 7.23),
(26, 102, 'Spring', 2024, 6.45),
(26, 102, 'Fall', 2024, 8.21),
(26, 108, 'Spring', 2024, 9.10),
(26, 108, 'Fall', 2024, 9.85),
(27, 107, 'Spring', 2024, 5.90),
(27, 107, 'Fall', 2024, 7.67),
(27, 105, 'Spring', 2024, 6.78),
(27, 105, 'Fall', 2024, 9.12),
(27, 109, 'Spring', 2024, 7.23),
(27, 109, 'Fall', 2024, 8.45),
(28, 115, 'Spring', 2024, 6.89),
(28, 115, 'Fall', 2024, 7.34),
(28, 104, 'Spring', 2024, 9.23),
(28, 104, 'Fall', 2024, 9.78),
(28, 107, 'Spring', 2024, 6.45),
(28, 107, 'Fall', 2024, 8.15),
(29, 101, 'Spring', 2024, 7.89),
(29, 101, 'Fall', 2024, 9.32),
(29, 106, 'Spring', 2024, 5.90),
(29, 106, 'Fall', 2024, 7.76),
(29, 115, 'Spring', 2024, 6.12),
(29, 115, 'Fall', 2024, 8.45),
(30, 107, 'Spring', 2024, 8.76),
(30, 107, 'Fall', 2024, 9.32),
(30, 103, 'Spring', 2024, 5.78),
(30, 103, 'Fall', 2024, 7.45);

-- Create the StudentStatus table
CREATE TABLE StudentStatus (
    StatusID INT PRIMARY KEY AUTO_INCREMENT,
    StatusName VARCHAR(50) UNIQUE NOT NULL
);

INSERT INTO StudentStatus (StatusID, StatusName) VALUES
(1, 'Active'),
(2, 'Dropped'),
(3, 'Suspended'),
(4, 'Graduated'),
(5, 'Suspended'),
(6, 'Graduated'),
(7, 'Graduated'),
(8, 'Graduated'),
(9, 'Suspended'),
(10, 'Graduated'),
(11, 'Suspended'),
(12, 'Dropped'),
(13, 'Graduated'),
(14, 'Dropped'),
(15, 'Suspended'),
(16, 'Active'),
(17, 'Active'),
(18, 'Suspended'),
(19, 'Graduated'),
(20, 'Suspended'),
(21, 'Suspended'),
(22, 'Dropped'),
(23, 'Graduated'),
(24, 'Suspended'),
(25, 'Suspended'),
(26, 'Graduated'),
(27, 'Graduated'),
(28, 'Active'),
(29, 'Dropped'),
(30, 'Dropped');

-- Create the ExamTypes table
CREATE TABLE ExamTypes (
    ExamTypeID INT PRIMARY KEY AUTO_INCREMENT,
    ExamTypeName VARCHAR(100) UNIQUE NOT NULL
);

INSERT INTO ExamTypes ( ExamTypeID,ExamTypeName) VALUES
(242502,'Midterm'),
(242504,'Final'),
(242501,'Quiz'),
(242503,'Assignment'),
(242505,'Project');

CREATE TABLE Instructor_Courses (
    InstructorID INT,
    CourseID INT,
    PRIMARY KEY (InstructorID, CourseID),
    FOREIGN KEY (InstructorID) REFERENCES instructors(InstructorID) ON DELETE CASCADE,
    FOREIGN KEY (CourseID) REFERENCES courses(CourseID) ON DELETE CASCADE
);

INSERT INTO Instructor_Courses (InstructorID, CourseID) VALUES
(601, 109),
(601, 110),
(602, 115),
(603, 111),
(603, 112),
(604, 113),
(604, 114),
(605, 101),
(605, 102),
(605, 103),
(605, 104),
(605, 105),
(606, 106),
(606, 107),
(606, 108),
(607, 109),
(607, 110),
(608, 115),
(609, 111),
(609, 112),
(610, 113),
(610, 114);

SELECT * FROM Departments;
SELECT * FROM Students;
SELECT * FROM Courses;
SELECT * FROM Instructors;
SELECT * FROM Enrollment;
SELECT * FROM Attendance;
SELECT * FROM Studentstatus;
SELECT * FROM Instructor_Courses;
SELECT * FROM AcademicHistory;
SELECT * FROM ExamTypes;
SELECT * FROM Grades;










